Address,Company_Name,Mail,Phone_Number,Product_Name,Url
"
                           Blution GmbH

                           ",Verkäufer: Hausdeko,otto@leerise.com,+4915224527226,"Duschablage Duschkorb Edelstahl ohne bohren, Duschablage mit Haken, Dusch Ablage",https://www.otto.de/p/elegear-duschablage-duschkorb-edelstahl-ohne-bohren-duschablage-mit-haken-dusch-ablage-1-tlg-badregal-zum-haengen-10kg-max-duschzubehoer-badezimmerorganizer-S0P0V0AI/#variationId=S0P0V0AIKSEG
"
                           click-licht.de GmbH & Co. KG

                           ",Verkäufer: click-licht,otto@click-licht.de,+4923614067603,"Kunstbaum Distanzabhänger, Fitu Pendelleuchte, schwarz, Deckenmontage",https://www.otto.de/p/kunstbaum-distanzabhaenger-fitu-pendelleuchte-schwarz-deckenmontage-slv-weiteres-zubehoer-CS0NBQ00G/#variationId=S0Q3F0MU7E6J
"
                           Ferdinand Schulz

                           ",Verkäufer: nordesign,hej@nordesign-store.com,+4915788713363,Duschablage Seifenspender Set mit selbstklebender Metall Wandhalterung,https://www.otto.de/p/nordesign-duschablage-seifenspender-set-mit-selbstklebender-metall-wandhalterung-6-tlg-6-tlg-mit-hochwertigen-pumpspendern-S06BQ03D/#variationId=S06BQ03DZSZU
"
                           Traumpreisfabrik Hornung GmbH

                           ",Verkäufer: Traumpreisfabrik,otto@tpf24.de,+496819545500,LED Pendelleuchte,https://www.otto.de/p/kunstbaum-abhaengeset-medo-60-led-in-silbergrau-slv-weiteres-zubehoer-CS0NBQ056/#variationId=S0P0V0AIK2TK
"
                           DEREND GmbH

                           ",Verkäufer: BAULANDO,info@baulando.com,+4920184326335,"Zulaufschlauch Anschlußschlauch Inneng./Außeng. 3/8"" M10x1 300mm",https://www.otto.de/p/trizeratop-zulaufschlauch-anschlussschlauch-inneng-ausseng-3-8-m10x1-300mm-zubehoer-fuer-bade-kueche-S0LAO0EX/#variationId=S0LAO0EXQUUE
"
                           click-licht.de GmbH & Co. KG

                           ",Verkäufer: click-licht,otto@click-licht.de,+4923614067603,"Kunstbaum Mix&Match Tischleuchtenfuß Single Fenda, max. 60 W, schwarz",https://www.otto.de/p/kunstbaum-mix-match-tischleuchtenfuss-single-fenda-max-60-w-schwarz-slv-hoehe-43-5-cm-weiteres-zubehoer-CS0NBQ0DB/#variationId=S0R3F0ZAQJ6N
"
                           click-licht.de GmbH & Co. KG

                           ",Verkäufer: click-licht,otto@click-licht.de,+4923614067603,Kunstbaum Cover Alwaid I in Verkehrsweiß,https://www.otto.de/p/kunstbaum-cover-alwaid-i-in-verkehrsweiss-deko-light-hoehe-2-cm-weiteres-zubehoer-S095V0YY/#variationId=S095V0YYUPY5
"
                           click-licht.de GmbH & Co. KG

                           ",Verkäufer: click-licht,otto@click-licht.de,+4923614067603,Kunstbaum Abstandshalter Set Tenseo elektrisch in Schwarz,https://www.otto.de/p/kunstbaum-abstandshalter-set-tenseo-elektrisch-in-schwarz-slv-weiteres-zubehoer-S0H3F0CK/#variationId=S0H3F0CKJQHH
"
                           DEREND GmbH

                           ",Verkäufer: BAULANDO,info@baulando.com,+4920184326335,"Zulaufschlauch Anschlußschlauch Inneng./Außeng. 3/8"" M10x1 800mm",https://www.otto.de/p/trizeratop-zulaufschlauch-anschlussschlauch-inneng-ausseng-3-8-m10x1-800mm-zubehoer-fuer-bade-kueche-S0LAO0KK/#variationId=S0LAO0KKZCO9
"
                           click-licht.de GmbH & Co. KG

                           ",Verkäufer: click-licht,otto@click-licht.de,+4923614067603,"Kunstbaum Ersatz-Akku für Pina Pro, Push up, Home, Poldina L",https://www.otto.de/p/kunstbaum-ersatz-akku-fuer-pina-pro-push-up-home-poldina-l-zafferano-weiteres-zubehoer-S097Z0KZ/#variationId=S097Z0KZKX4V
"
                           WPEXZ International Handel UG (haftungsbeschränkt)

                           ",Verkäufer: WPEXZHOME,chl7758@163.com,+4901744260615,"Duschablage Duschablage ohne Bohren,Badezimmer Regal mit Seifenhalter und Haken,",https://www.otto.de/p/hytireby-duschablage-duschablage-ohne-bohren-badezimmer-regal-mit-seifenhalter-und-haken-3-tlg-schwarz-duschablage-duschkorb-fuer-bad-kueche-S0H7U0C0/#variationId=S0H7U0C014I3
"
                           Demotex GmbH

                           ",Verkäufer: Casa Padrino,info@casa-padrino.de,+4920136577485,"Wannenarmatur Luxus Jugendstil Einhebel Badewannenarmatur 14,8 x H. 12,8 cm - Verschiedene Farben - Eleganter Wasserhahn mit Kristallglas - Bad Zubehör",https://www.otto.de/p/casa-padrino-wannenarmatur-luxus-jugendstil-einhebel-badewannenarmatur-14-8-x-h-12-8-cm-verschiedene-farben-eleganter-wasserhahn-mit-kristallglas-bad-zubehoer-S0P5G0F9/#variationId=S0P5G0F9EWEL
"
                           click-licht.de GmbH & Co. KG

                           ",Verkäufer: click-licht,otto@click-licht.de,+4923614067603,"Kunstbaum Mix&Match Deckenrosette Fenda, max. 60 W, schwarz",https://www.otto.de/p/kunstbaum-mix-match-deckenrosette-fenda-max-60-w-schwarz-slv-hoehe-9-5-cm-weiteres-zubehoer-CS0NBQ0E6/#variationId=S0O3F0CMMAD7
"
                           click-licht.de GmbH & Co. KG

                           ",Verkäufer: click-licht,otto@click-licht.de,+4923614067603,Kunstbaum Mix&Match Lampenschirm Lalu Plate 15 in Schwarz-matt und Bronze-matt,https://www.otto.de/p/kunstbaum-mix-match-lampenschirm-lalu-plate-15-in-schwarz-matt-und-bronze-matt-slv-hoehe-1-5-cm-weiteres-zubehoer-CS0RBQ0AZ/#variationId=S0Y9V0GTTAU5
"
                           click-licht.de GmbH & Co. KG

                           ",Verkäufer: click-licht,otto@click-licht.de,+4923614067603,"Kunstbaum Zierring mit Strukturiertem Diffusor für Enola_C Serie, rund, weiß",https://www.otto.de/p/kunstbaum-zierring-mit-strukturiertem-diffusor-fuer-enola_c-serie-rund-weiss-slv-weiteres-zubehoer-S0H3F0G4/#variationId=S0H3F0G4M0ME
"
                           NVBO TRADING UG (haftungsbeschränkt)

                           ",Verkäufer: NVBO Trading,nvboservice@outlook.com,+4917623950073,Duschregal 2-Stück Eckregal ohne Bohren aus rostfreiem Aluminium für die Dusche,https://www.otto.de/p/refined-living-duschregal-2-stueck-eckregal-ohne-bohren-aus-rostfreiem-aluminium-fuer-die-dusche-badezimmer-duschablage-selbstklebendes-oder-bohren-2-tlg-mit-4-klebeflaechen-und-4-haken-fuer-baeder-kuechen-duschgel-grau-schwarz-S0JBH03O/#variationId=S0JBH03OTYE3
"
                           Demotex GmbH

                           ",Verkäufer: Casa Padrino,info@casa-padrino.de,+4920136577485,Waschtischarmatur Luxus Bad Zubehör - Jugendstil Retro Bidet Armatur Einlochbatterie Altgold / Bronze Serie Milano - Made in Italy,https://www.otto.de/p/casa-padrino-waschtischarmatur-luxus-bad-zubehoer-jugendstil-retro-bidet-armatur-einlochbatterie-altgold-bronze-serie-milano-made-in-italy-S0P5G0FC/#variationId=S0P5G0FCL8YP
"
                           MSV Deutschland GmbH

                           ",Verkäufer: MSV-Spirella E-Commerce,aude.rainier@msv-spirella.com,+496373891080,Badaccessoires-Sets TUBE-MATT,https://www.otto.de/p/spirella-badaccessoires-sets-tube-matt-zubehoer-set-aus-hochwertiger-keramik-schwarz-elegante-matt-optik-5-tlg-bestehend-aus-wc-buerste-seifenspender-2x-zahnputzbecher-seifenschale-S070T05F/#variationId=S070T05F3F39
"
                           click-licht.de GmbH & Co. KG

                           ",Verkäufer: click-licht,otto@click-licht.de,+4923614067603,"Kunstbaum Mix&Match Tischleuchtenfuß Single Fenda, max. 60 W, gebürstetem Metall",https://www.otto.de/p/kunstbaum-mix-match-tischleuchtenfuss-single-fenda-max-60-w-gebuerstetem-metall-slv-hoehe-43-5-cm-weiteres-zubehoer-CS0NBQ0EP/#variationId=S0P3J0TLMXRP
"
                           click-licht.de GmbH & Co. KG

                           ",Verkäufer: click-licht,otto@click-licht.de,+4923614067603,Kunstbaum Deckeneinbauring New Tria in Schwarz eckig 90mm,https://www.otto.de/p/kunstbaum-deckeneinbauring-new-tria-in-schwarz-eckig-90mm-slv-hoehe-2-6-cm-weiteres-zubehoer-S099V012/#variationId=S099V012HS7F
"
                           click-licht.de GmbH & Co. KG

                           ",Verkäufer: click-licht,otto@click-licht.de,+4923614067603,"Kunstbaum Anela Reflektor 28°, gold",https://www.otto.de/p/kunstbaum-anela-reflektor-28-gold-slv-hoehe-10-5-cm-weiteres-zubehoer-S0H3F0HD/#variationId=S0H3F0HD756G
"
                           Color-D Textile GmbH

                           ",Verkäufer: Color-D Textile GmbH,info@abakuhaus.com,+4961037323500,Badorganizer Anti-Rutsch-Stoffabdeckung für Waschmaschine und Trockner,https://www.otto.de/p/abakuhaus-badorganizer-anti-rutsch-stoffabdeckung-fuer-waschmaschine-und-trockner-mode-kleiden-und-zubehoer-motiv-S0Y1Y01G/#variationId=S0Y1Y01G8ZWN
"
                           Demotex GmbH

                           ",Verkäufer: Casa Padrino,info@casa-padrino.de,+4920136577485,Wannenarmatur Luxus Badewannenarmatur Silber - Freistehende Messing Badewannen Armatur mit Handbrause - Luxus Badezimmer Zubehör,https://www.otto.de/p/casa-padrino-wannenarmatur-luxus-badewannenarmatur-silber-freistehende-messing-badewannen-armatur-mit-handbrause-luxus-badezimmer-zubehoer-S0P5G0FE/#variationId=S0P5G0FEKHA0
"
                           König-Shop, Stiev König

                           ",Verkäufer: König Design,otto@koenig-shopping.de,+4937521459172,Handyhülle Apple iPhone 12 Pro Max,https://www.otto.de/p/koenig-design-handyhuelle-apple-iphone-12-pro-max-schutzhuelle-fuer-apple-iphone-12-pro-max-motiv-handy-huelle-silikon-tasche-case-cover-dont-touch-my-phone-baer-schwarz-S0Z270HG/#variationId=S0Z270HGQ6W6
"
                           click-licht.de GmbH & Co. KG

                           ",Verkäufer: click-licht,otto@click-licht.de,+4923614067603,"Kunstbaum Mix&Match Deckenrosette Fenda, max. 60 W, weiß",https://www.otto.de/p/kunstbaum-mix-match-deckenrosette-fenda-max-60-w-weiss-slv-hoehe-9-5-cm-weiteres-zubehoer-CS0NBQ0FL/#variationId=S0O3F06WHI2O
"
                           click-licht.de GmbH & Co. KG

                           ",Verkäufer: click-licht,otto@click-licht.de,+4923614067603,Deckeneinbauring New Tria in Messing rund 110mm Kunstbaum,https://www.otto.de/p/kunstbaum-deckeneinbauring-new-tria-in-aluminium-eckig-110mm-slv-hoehe-2-6-cm-weiteres-zubehoer-S099V0IF/#variationId=S099V0IFDPJZ
"
                           click-licht.de GmbH & Co. KG

                           ",Verkäufer: click-licht,otto@click-licht.de,+4923614067603,Kunstbaum Funktioneller Distanzhalter für Wandleuchten aus Kunststoff in schwarz,https://www.otto.de/p/kunstbaum-funktioneller-distanzhalter-fuer-wandleuchten-aus-kunststoff-in-schwarz-konstsmide-hoehe-10-5-cm-weiteres-zubehoer-CS04B20YE/#variationId=S0Q3F0Z2E7IV
"
                           click-licht.de GmbH & Co. KG

                           ",Verkäufer: click-licht,otto@click-licht.de,+4923614067603,Kunstbaum Diffusor Numinos S in Schwarz Wabe,https://www.otto.de/p/kunstbaum-diffusor-numinos-s-in-schwarz-wabe-slv-hoehe-0-4-cm-weiteres-zubehoer-S0H3F0IB/#variationId=S0H3F0IB3X0K
"
                           PRORON GmbH

                           ",Verkäufer: PRORON GmbH,service@proron.de,+4952509929030,Unterlegscheibe Bad Zubehör(48424.00),https://www.otto.de/p/damixa-unterlegscheibe-bad-zubehoer-48424-00-CS0966047/#variationId=S0966047RQNW
"
                           Demotex GmbH

                           ",Verkäufer: Casa Padrino,info@casa-padrino.de,+4920136577485,Wannenarmatur Luxus Bad Zubehör - Jugendstil Retro Unterputz Wannenbatterie mit Schlauch Handbrause und Wandhalter - Armatur für Badewanne - Chrom - Serie Milano - Made in Italy,https://www.otto.de/p/casa-padrino-wannenarmatur-luxus-bad-zubehoer-jugendstil-retro-unterputz-wannenbatterie-mit-schlauch-handbrause-und-wandhalter-armatur-fuer-badewanne-chrom-serie-milano-made-in-italy-S0P5G0FF/#variationId=S0P5G0FFO8VY
"
                           House Proud GmbH

                           ",Verkäufer: houseproud,info@houseproud.de,+4930206547525,Badaccessoire-Set Ceramic Silk Badset,https://www.otto.de/p/houseproud-badaccessoire-set-ceramic-silk-badset-S0L3J0ZB/#variationId=S0L3J0ZBVAZM
"
                           König-Shop, Stiev König

                           ",Verkäufer: König Design,otto@koenig-shopping.de,+4937521459172,Handyhülle Apple iPhone 12 Mini,https://www.otto.de/p/koenig-design-handyhuelle-apple-iphone-12-mini-schutzhuelle-fuer-apple-iphone-12-mini-motiv-handy-huelle-silikon-tasche-case-cover-dont-touch-my-phone-baer-schwarz-S0Z270HH/#variationId=S0Z270HH30GC
"
                           click-licht.de GmbH & Co. KG

                           ",Verkäufer: click-licht,otto@click-licht.de,+4923614067603,"Kunstbaum Rahmen Aufputzmontage, silbergrau",https://www.otto.de/p/kunstbaum-rahmen-aufputzmontage-silbergrau-slv-hoehe-11-6-cm-weiteres-zubehoer-CS0NBQ0NP/#variationId=S0R3F0GBK2XT
"
                           click-licht.de GmbH & Co. KG

                           ",Verkäufer: click-licht,otto@click-licht.de,+4923614067603,Kunstbaum Deckeneinbauring New Tria in Aluminium eckig,https://www.otto.de/p/kunstbaum-deckeneinbauring-new-tria-in-aluminium-eckig-slv-hoehe-2-6-cm-weiteres-zubehoer-S099V0JA/#variationId=S099V0JA8QC8
"
                           NORDIKDESIGN GmbH

                           ",Verkäufer: NORDIKDESIGN GmbH,ottonordikdesign@outlook.com,+49015231623132,Puppenhaus Puppenhaus Spielset Hölzernes mit Möbeln und Zubehör Puppenhausmöbel,https://www.otto.de/p/wishdor-puppenhaus-puppenhaus-spielset-hoelzernes-mit-moebeln-und-zubehoer-puppenhausmoebel-mit-schlafzimmer-wohnzimmer-esszimmer-badezimmer-60-00-cm-x24-00-cm-x-70-00-cm-lxwxh-pink-mit-zubehoer-fuer-puppen-zwischen-7-12-cm-suesses-grosses-traumhaus-3plus-S0V6F02T/#variationId=S0V6F02TR76S
"
                           click-licht.de GmbH & Co. KG

                           ",Verkäufer: click-licht,otto@click-licht.de,+4923614067603,"Kunstbaum Reflektor für Supros, regular, inkl. Glas und Fixierring 40°",https://www.otto.de/p/kunstbaum-reflektor-fuer-supros-regular-inkl-glas-und-fixierring-40-slv-hoehe-4-9-cm-weiteres-zubehoer-S0H3F0J5/#variationId=S0H3F0J5CRGA
"
                           Sanixa - Karsten Gaedke Einzelunternehmen

                           ",Verkäufer: Sanixa,info@sanixa.de,+4974764393886,Regenduschkopf Wellness-Dusche Bad Zubehör Brausekopf Kopfbrause Duschbrause,https://www.otto.de/p/sanixa-regenduschkopf-wellness-dusche-bad-zubehoer-brausekopf-kopfbrause-duschbrause-antikalk-duesen-regenbrause-quadratisch-20-cm-regendusche-duschkopf-regen-S022R083/#variationId=S022R0835MIR
"
                           click-licht.de GmbH & Co. KG

                           ",Verkäufer: click-licht,otto@click-licht.de,+4923614067603,Kunstbaum Dekorativer Ring Cyft in Nickel-matt,https://www.otto.de/p/kunstbaum-dekorativer-ring-cyft-in-schwarz-matt-slv-hoehe-2-4-cm-weiteres-zubehoer-S09BM0KS/#variationId=S09BM0KSRJ6C
"
                           click-licht.de GmbH & Co. KG

                           ",Verkäufer: click-licht,otto@click-licht.de,+4923614067603,Kunstbaum Play 5m Verlängerungskabel,https://www.otto.de/p/kunstbaum-play-5m-verlaengerungskabel-philips-hue-weiteres-zubehoer-CS053L073/#variationId=S053L073WLPM
"
                           click-licht.de GmbH & Co. KG

                           ",Verkäufer: click-licht,otto@click-licht.de,+4923614067603,Kunstbaum Montagegehäuse Dasar Premium in Schwarz 309mm,https://www.otto.de/p/kunstbaum-montagegehaeuse-dasar-premium-in-schwarz-309mm-slv-hoehe-17-6-cm-weiteres-zubehoer-S0H3F0JJ/#variationId=S0H3F0JJUNAC
"
                           DM-Handel Marina Drewitz

                           ",Verkäufer: DM-Handel,info@dm-handel.eu,+4915758286443,Wandhalter Waschtischhalterung Winkel Wandhalter,https://www.otto.de/p/dm-handel-wandhalter-waschtischhalterung-winkel-wandhalter-waschtischhalterung-handtuchhalter-regalwinkel-wandregaltraeger-schwerlasttraeger-stabil-S079H0A5/#variationId=S079H0A5SCJT
"
                           Demotex GmbH

                           ",Verkäufer: Casa Padrino,info@casa-padrino.de,+4920136577485,"Wannenarmatur Luxus Jugendstil Aufputz Badewannenarmatur Silber / Weiß H. 46,95 cm - Nostalgische Messing Badewannen Armatur mit Handbrause - Nostalgisches Badezimmer Zubehör",https://www.otto.de/p/casa-padrino-wannenarmatur-luxus-jugendstil-aufputz-badewannenarmatur-silber-weiss-h-46-95-cm-nostalgische-messing-badewannen-armatur-mit-handbrause-nostalgisches-badezimmer-zubehoer-S0P5G0FL/#variationId=S0P5G0FL64FB
"
                           König-Shop, Stiev König

                           ",Verkäufer: König Design,otto@koenig-shopping.de,+4937521459172,Handyhülle Huawei P8 Lite 2017,https://www.otto.de/p/koenig-design-handyhuelle-huawei-p8-lite-2017-schutzhuelle-fuer-huawei-p8-lite-2017-motiv-handy-huelle-silikon-tasche-case-cover-dont-touch-my-phone-baer-schwarz-S0Z270HJ/#variationId=S0Z270HJ1Z6Q
"
                           MSV Deutschland GmbH

                           ",Verkäufer: MSV-Spirella E-Commerce,aude.rainier@msv-spirella.com,+496373891080,Badaccessoires-Sets Accessoire-Set SYDNEY,https://www.otto.de/p/spirella-badaccessoires-sets-accessoire-set-sydney-zubehoer-set-aus-hochwertigem-acryl-5-tlg-bestehend-aus-wc-buerste-kosmetikeimer-5l-seifenspender-200-ml-zahnputzbecher-seifenschale-robust-langlebig-stylisher-look-glaenzend-sand-beige-komplett-set-badezimmerzubehoer-5-tlg-5-tlg-acryl-stylisher-look-sand-beige-glaenzend-S000R0H1/#variationId=S000R0H13ZAB
"
                           click-licht.de GmbH & Co. KG

                           ",Verkäufer: click-licht,otto@click-licht.de,+4923614067603,"Kunstbaum Deckenrosette für Photonia Outdoor Pendelleuchte, anthrazit, IP44",https://www.otto.de/p/kunstbaum-deckenrosette-fuer-photonia-outdoor-pendelleuchte-anthrazit-ip44-slv-weiteres-zubehoer-CS0O3F0EF/#variationId=S0O3F0EFWJYI
"
                           click-licht.de GmbH & Co. KG

                           ",Verkäufer: click-licht,otto@click-licht.de,+4923614067603,Kunstbaum Adapter für Einbaudurchmesser von 75-120 mm auf 68-70 mm Weiß matt,https://www.otto.de/p/kunstbaum-adapter-fuer-einbaudurchmesser-von-75-120-mm-auf-68-70-mm-weiss-matt-paulmann-hoehe-1-cm-weiteres-zubehoer-S0A1P0ID/#variationId=S0A1P0IDD6U6
"
                           Demotex GmbH

                           ",Verkäufer: Casa Padrino,info@casa-padrino.de,+4920136577485,Waschtischarmatur Luxus Bad Zubehör - Jugendstil Retro Waschtisch Armatur Einlochbatterie Altgold / Bronze Serie Milano - Made in Italy,https://www.otto.de/p/casa-padrino-waschtischarmatur-luxus-bad-zubehoer-jugendstil-retro-waschtisch-armatur-einlochbatterie-altgold-bronze-serie-milano-made-in-italy-S0P5G0FM/#variationId=S0P5G0FMPHUS
"
                           click-licht.de GmbH & Co. KG

                           ",Verkäufer: click-licht,otto@click-licht.de,+4923614067603,Kunstbaum Abdeckung Big Plot in Anthrazit 2 Auslässe,https://www.otto.de/p/kunstbaum-abdeckung-big-plot-in-anthrazit-2-auslaesse-slv-hoehe-2-cm-weiteres-zubehoer-S0H3F0LO/#variationId=S0H3F0LOP0Q2
"
                           Sanixa - Karsten Gaedke Einzelunternehmen

                           ",Verkäufer: Sanixa,info@sanixa.de,+4974764393886,Seifenschale,https://www.otto.de/p/sanixa-seifenschale-hochwertige-badaccessoires-serie-oslo-aluminium-handtuchstange-60cm-rostfrei-badezimmer-wand-handtuchhalter-handtuch-halter-zubehoer-S0D2M0MD/#variationId=S0D2M0MDR3UZ
"
                           Matthias Taubald - Internethandel

                           ",Verkäufer: Lilienburg,service-lilienburg@gmx.de,+4991632630340,Wandhalter Haken Halter Bad Badezimmer Handtuch Handtuchhaken Anker,https://www.otto.de/p/lb-h-f-lilienburg-wandhalter-haken-halter-bad-badezimmer-handtuch-handtuchhaken-anker-shabby-vintage-maritime-deko-badtuchhalter-geschirrtuchhalter-geschirrtuchhaken-wandhaken-geschirrtuch-kuechentuch-kuechenhaken-badhaken-landhausstil-rustikal-retro-wandmontage-badezimmer-antik-nostalgie-barock-landhaus-metall-gusseisen-handtuchhalter-handtuchring-handtuchstange-handtuchhalterung-kueche-S0A6Q08S/#variationId=S0A6Q08SCVZL
"
                           König-Shop, Stiev König

                           ",Verkäufer: König Design,otto@koenig-shopping.de,+4937521459172,Handyhülle Apple iPhone 13 mini,https://www.otto.de/p/koenig-design-handyhuelle-apple-iphone-13-mini-schutzhuelle-fuer-apple-iphone-13-mini-motiv-handy-huelle-silikon-tasche-case-cover-dont-touch-my-phone-baer-schwarz-S0Z270HK/#variationId=S0Z270HKR4W6
"
                           click-licht.de GmbH & Co. KG

                           ",Verkäufer: click-licht,otto@click-licht.de,+4923614067603,Kunstbaum Fitu Rosette Lang in Weiß 3-flammig,https://www.otto.de/p/kunstbaum-fitu-rosette-lang-in-weiss-3-flammig-slv-hoehe-5-cm-weiteres-zubehoer-CS0OBQ0HC/#variationId=S0Q3F0XKHMN7
"
                           click-licht.de GmbH & Co. KG

                           ",Verkäufer: click-licht,otto@click-licht.de,+4923614067603,"Edelstahl Schraubenset, M6 Kunstbaum",https://www.otto.de/p/kunstbaum-edelstahl-schraubenset-m8-slv-weiteres-zubehoer-S0A1P0OS/#variationId=S0A1P0OSQGFG
"
                           Spect GmbH

                           ",Verkäufer: Spect,ottospectgmbh@163.com,+4917657791987,Handtuchhalter Ohne Bohren Badetuchstange 40cm Edelstahl Badezimmer Zubehör,https://www.otto.de/p/aoucheni-handtuchhalter-ohne-bohren-badetuchstange-40cm-edelstahl-badezimmer-zubehoer-CS0GC20WC/#variationId=S0GC20WC7AN0
,Verkäufer: eluno24,,,"Badaccessoire-Set Badezimmer-Set 3-tlg., Bambus, Badezimmer-Zubehör-Set",https://www.otto.de/p/bremermann-badaccessoire-set-badezimmer-set-3-tlg-bambus-badezimmer-zubehoer-set-S012U0CD/#variationId=S012U0CDV7AN
"
                           click-licht.de GmbH & Co. KG

                           ",Verkäufer: click-licht,otto@click-licht.de,+4923614067603,Kunstbaum Befestigungsclips für Unterbauleuchte Mia,https://www.otto.de/p/kunstbaum-befestigungsclips-fuer-unterbauleuchte-mia-deko-light-weiteres-zubehoer-S0H3F0M0/#variationId=S0H3F0M0IH4R
"
                           QiveeOnlineshop, Nickel Khanna

                           ",Verkäufer: Qiveeonlineshop,info@qiveeonlineshop.de,+4964037781610,2000A Starthilfekabel,https://www.otto.de/p/m2-tec-2000a-starthilfekabel-federklemme-federklemme-3-cm-geeignet-fuer-alle-gaengigen-fahrzeuge-fuer-den-staendigen-gebrauch-im-aussenbereich-geeignet-S0D480PG/#variationId=S0D480PGDUSH
"
                           Demotex GmbH

                           ",Verkäufer: Casa Padrino,info@casa-padrino.de,+4920136577485,"Waschtischarmatur Luxus Waschtischarmatur mit Swarovski Kristallglas Silber 13,5 x H. 16,5 cm - Luxus Bad Zubehör Made in Italy",https://www.otto.de/p/casa-padrino-waschtischarmatur-luxus-waschtischarmatur-mit-swarovski-kristallglas-silber-13-5-x-h-16-5-cm-luxus-bad-zubehoer-made-in-italy-S0P5G0FP/#variationId=S0P5G0FP2BTW
"
                           König-Shop, Stiev König

                           ",Verkäufer: König Design,otto@koenig-shopping.de,+4937521459172,Handyhülle Huawei Y550,https://www.otto.de/p/koenig-design-handyhuelle-huawei-y550-schutzhuelle-fuer-huawei-y550-motiv-handy-huelle-silikon-tasche-case-cover-dont-touch-my-phone-baer-schwarz-S0Z270HL/#variationId=S0Z270HL723S
"
                           click-licht.de GmbH & Co. KG

                           ",Verkäufer: click-licht,otto@click-licht.de,+4923614067603,Kunstbaum Cover Alwaid III in Aluminium,https://www.otto.de/p/kunstbaum-cover-alwaid-iii-in-aluminium-deko-light-hoehe-2-cm-weiteres-zubehoer-S0A5V0B2/#variationId=S0A5V0B2RQOF
"
                           click-licht.de GmbH & Co. KG

                           ",Verkäufer: click-licht,otto@click-licht.de,+4923614067603,Kunstbaum Fitu Rosette Lang in Schwarz 5-flammig,https://www.otto.de/p/kunstbaum-fitu-rosette-lang-in-schwarz-5-flammig-slv-hoehe-5-cm-weiteres-zubehoer-CS0OBQ0IF/#variationId=S0Q3F0UTHU0P
"
                           Spect GmbH

                           ",Verkäufer: Spect,ottospectgmbh@163.com,+4917657791987,Ohne Bohren Badetuchstange 40cm Edelstahl Badezimmer Zubehör Handtuchhalter,https://www.otto.de/p/iceagle-handtuchhalter-handtuchhalter-selbstklebend-ohne-bohren-40-cm-edelstahl-badezimmer-zubehoer-CS0GC20WY/#variationId=S0GC20WY71RG
"
                           click-licht.de GmbH & Co. KG

                           ",Verkäufer: click-licht,otto@click-licht.de,+4923614067603,Kunstbaum Deco-Kappe Special Line Cap rund für Set Special Line IP65 LED,https://www.otto.de/p/kunstbaum-deco-kappe-special-line-cap-rund-fuer-set-special-line-ip65-led-paulmann-hoehe-1-7-cm-weiteres-zubehoer-S0H9A0PM/#variationId=S0H9A0PMF9WV
"
                           König-Shop, Stiev König

                           ",Verkäufer: König Design,otto@koenig-shopping.de,+4937521459172,Handyhülle Xiaomi Redmi 9AT,https://www.otto.de/p/koenig-design-handyhuelle-xiaomi-redmi-9at-schutzhuelle-fuer-xiaomi-redmi-9at-motiv-handy-huelle-silikon-tasche-case-cover-dont-touch-my-phone-baer-schwarz-S05290CZ/#variationId=S05290CZVZ8G
"
                           BMSC GmbH

                           ",Verkäufer: BMSC24,info@bmsc24.de,+4948211488850,Seifenspender,https://www.otto.de/p/bagnoxx-seifenspender-seifenschale-seifenablage-edelstahl-1-tlg-badezimmer-zubehoer-ablageschale-fuer-seife-einfache-reinigung-S0E2703D/#variationId=S0E2703D7MCJ
"
                           Demotex GmbH

                           ",Verkäufer: Casa Padrino,info@casa-padrino.de,+4920136577485,Waschtischarmatur Jugendstil Retro Waschtisch / Waschbecken Armatur Silber H. 21 cm - Nostalgisches Bad Zubehör,https://www.otto.de/p/casa-padrino-waschtischarmatur-jugendstil-retro-waschtisch-waschbecken-armatur-silber-h-21-cm-nostalgisches-bad-zubehoer-S0P5G0FR/#variationId=S0P5G0FR81BR
"
                           MSV Deutschland GmbH

                           ",Verkäufer: MSV-Spirella E-Commerce,aude.rainier@msv-spirella.com,+496373891080,Badaccessoires-Sets AKIRA,https://www.otto.de/p/spirella-badaccessoires-sets-akira-badezimmer-zubehoer-set-2-tlg-bestehend-aus-kosmetikeimer-5l-treteimer-mit-softclose-absenkautomatik-und-wc-garnitur-mit-hygienischem-innenbehaelter-und-deckel-stahl-matt-satiniert-angesagte-trendfarben-dunkelgruen-kombi-set-S0G1S0EI/#variationId=S0G1S0EIIDBU
"
                           click-licht.de GmbH & Co. KG

                           ",Verkäufer: click-licht,otto@click-licht.de,+4923614067603,Kunstbaum Eckverbinder Border Clever Connect 12V in Weiß-matt,https://www.otto.de/p/kunstbaum-eckverbinder-border-clever-connect-12v-in-weiss-matt-paulmann-weiteres-zubehoer-CS0P6H0W8/#variationId=S0S990ZK7WC5
"
                           König-Shop, Stiev König

                           ",Verkäufer: König Design,otto@koenig-shopping.de,+4937521459172,Handyhülle Apple iPhone 13 Pro,https://www.otto.de/p/koenig-design-handyhuelle-apple-iphone-13-pro-schutzhuelle-fuer-apple-iphone-13-pro-motiv-handy-huelle-silikon-tasche-case-cover-dont-touch-my-phone-baer-schwarz-S0Z270HM/#variationId=S0Z270HMLJJ9
"
                           click-licht.de GmbH & Co. KG

                           ",Verkäufer: click-licht,otto@click-licht.de,+4923614067603,Kunstbaum Cover Alwaid V in Schwarz,https://www.otto.de/p/kunstbaum-cover-alwaid-v-in-schwarz-deko-light-hoehe-2-1-cm-weiteres-zubehoer-S0A5V0PV/#variationId=S0A5V0PV5UH8
"
                           [matw] menatwork GmbH & Co. KG

                           ",Verkäufer: Zubehör-Universum,support@zubehoer-universum.de,+4982224101229,Organizer Kreuzberg,https://www.otto.de/p/jt-berlin-organizer-kreuzberg-echtleder-taschenleerer-fuer-buero-und-zu-hause-18x13cm-schreibtischbox-aufbewahrungsbox-fuer-schluessel-und-kleinteile-aufklappbar-schwarz-S0F0K0G9/#variationId=S0F0K0G9NKKH
"
                           click-licht.de GmbH & Co. KG

                           ",Verkäufer: click-licht,otto@click-licht.de,+4923614067603,Kunstbaum Deckeneinbauring New Tria in Aluminium rund,https://www.otto.de/p/kunstbaum-deckeneinbauring-new-tria-in-aluminium-rund-slv-hoehe-2-6-cm-weiteres-zubehoer-S0H9V086/#variationId=S0H9V086VHIW
"
                           Demotex GmbH

                           ",Verkäufer: Casa Padrino,info@casa-padrino.de,+4920136577485,Wannenarmatur Luxus Badewannenarmatur Gold - Messing Badewannen Armatur mit Handbrause - Luxus Badezimmer Zubehör,https://www.otto.de/p/casa-padrino-wannenarmatur-luxus-badewannenarmatur-gold-messing-badewannen-armatur-mit-handbrause-luxus-badezimmer-zubehoer-S0P5G0FS/#variationId=S0P5G0FSK412
"
                           Pink Panther Handels GmbH

                           ",Verkäufer: BadaBing-deko,info@pink-panther-gmbh.de,+4925049335073,Badaccessoire-Set Bad Ausstattung Badezimmerdeko Zubehör Keramik Weiß Mit Sternen,https://www.otto.de/p/bada-bing-badaccessoire-set-bad-ausstattung-badezimmerdeko-zubehoer-keramik-weiss-mit-sternen-hochwertige-badgarnitur-komplett-set-4-tlg-4er-set-seifenspender-zahnputzbecher-seifenschale-zahnbuerstenhalter-S0A990XQ/#variationId=S0A990XQLUHX
"
                           click-licht.de GmbH & Co. KG

                           ",Verkäufer: click-licht,otto@click-licht.de,+4923614067603,Kunstbaum Abstandshalter in Anthrazit,https://www.otto.de/p/kunstbaum-abstandshalter-in-anthrazit-slv-weiteres-zubehoer-CS0PBQ00A/#variationId=S0W3K0UYHIQT
"
                           Macosa Home

                           ",Verkäufer: MACOSA HOME,info@macosa-home.de,+4974764393899,Wandhalter Wand-Haken im Vintage-Stil Retro Antik Metall Braun Garderobenhaken,https://www.otto.de/p/macosa-home-wandhalter-wand-haken-im-vintage-stil-retro-antik-metall-braun-garderobenhaken-kleiderhaken-handtuchhaken-metallhaken-flur-garderobe-S0G3B0A3/#variationId=S0G3B0A3YOG6
"
                           Blution GmbH

                           ",Verkäufer: Hausdeko,otto@leerise.com,+4915224527226,"Duschkorb Duschablage Edelstahl, Duschregal ohne bohren mit Haken",https://www.otto.de/p/elegear-duschkorb-duschablage-edelstahl-duschregal-ohne-bohren-mit-haken-set-2-tlg-duschablage-selbstklebendes-mit-3-klebeflaechen-fuer-baeder-kuechen-S041D0JN/#variationId=S041D0JNMI8G
"
                           DF-Shopping GmbH

                           ",Verkäufer: Kaminbau Mierzwa,info@df-shopping.de,+4928712422404,Echtfeuer-Dekokamin Lukas,https://www.otto.de/p/kaminbau-mierzwa-echtfeuer-dekokamin-lukas-premium-royal-inkl-komplettem-zubehoer-sicherheitsglas-gelkamin-ethanolkamin-bodenkamin-kaminofen-S0H5Q09A/#variationId=S0H5Q09AR93I
"
                           König-Shop, Stiev König

                           ",Verkäufer: König Design,otto@koenig-shopping.de,+4937521459172,Handyhülle Huawei Y635,https://www.otto.de/p/koenig-design-handyhuelle-huawei-y635-schutzhuelle-fuer-huawei-y635-motiv-handy-huelle-silikon-tasche-case-cover-dont-touch-my-phone-baer-schwarz-S0Z270HO/#variationId=S0Z270HO70YI
"
                           Demotex GmbH

                           ",Verkäufer: Casa Padrino,info@casa-padrino.de,+4920136577485,Waschtischarmatur Luxus Bad Zubehör - Jugendstil Retro Bidet Dreilochbatterie Chrom Serie Milano - Made in Italy,https://www.otto.de/p/casa-padrino-waschtischarmatur-luxus-bad-zubehoer-jugendstil-retro-bidet-dreilochbatterie-chrom-serie-milano-made-in-italy-S0P5G0FU/#variationId=S0P5G0FUIE0R
"
                           Frolada Handels UG (haftungsbeschränkt)

                           ",Verkäufer: Keln,ougongflow@outlook.com,+4915238480126,Badaccessoire-Set 7-teiliges Kunststoff Badezimmer Zubehör Set mit Seifenschale,https://www.otto.de/p/rutaqian-badaccessoire-set-7-teiliges-kunststoff-badezimmer-zubehoer-set-mit-seifenschale-seifenspender-nachfuellbar-seifenspender-nachfuellbar-zahnbuerstenhalter-set-mit-bambusdeckel-fuer-boho-theke-S0QAR08B/#variationId=S0QAR08BTVVS
"
                           click-licht.de GmbH & Co. KG

                           ",Verkäufer: click-licht,otto@click-licht.de,+4923614067603,Kunstbaum Mix&Match Lampenschirm Lalu Tetra 36 in Weiß-matt und Gold-matt,https://www.otto.de/p/kunstbaum-mix-match-lampenschirm-lalu-tetra-36-in-weiss-matt-und-gold-matt-slv-hoehe-8-9-cm-weiteres-zubehoer-CS0RBQ078/#variationId=S0Z9V0YQMK8T
"
                           SellerX Commerce GmbH

                           ",Verkäufer: SellerX Commerce,otto@kw-commerce.de,+4930233224650,"Badezimmer-Set Bambus 4-teilig - Zahnputzbecher, Seifenspender, Becher, Ablage",https://www.otto.de/p/navaris-badezimmer-set-bambus-4-teilig-zahnputzbecher-seifenspender-becher-ablage-4-st-S001J0XB/#variationId=S001J0XB1HOU
,Verkäufer: eluno24,,,"Badaccessoire-Set Badezimmer-Set, Zubehör-Set 4-tlg., Kunststoff, Savona grau",https://www.otto.de/p/bremermann-badaccessoire-set-badezimmer-set-zubehoer-set-4-tlg-kunststoff-savona-grau-S0T9Z0OC/#variationId=S0T9Z0OCVFE6
"
                           DEREND GmbH

                           ",Verkäufer: BAULANDO,info@baulando.com,+4920184326335,"Zulaufschlauch Anschlußschlauch Innengewinde 1/2"" 3/8"" 800mm",https://www.otto.de/p/trizeratop-zulaufschlauch-anschlussschlauch-innengewinde-1-2-3-8-800mm-zubehoer-fuer-bade-kueche-S0LAO09C/#variationId=S0LAO09CNLXC
"
                           SellerX Commerce GmbH

                           ",Verkäufer: SellerX Commerce,otto@kw-commerce.de,+4930233224650,Badezimmer-Set Badezimmer Set Holz 3-teilig - Badzubehör aus Holz,https://www.otto.de/p/navaris-badezimmer-set-badezimmer-set-holz-3-teilig-badzubehoer-aus-holz-1-st-S09350WW/#variationId=S09350WW0WT1
"
                           König-Shop, Stiev König

                           ",Verkäufer: König Design,otto@koenig-shopping.de,+4937521459172,Handyhülle Huawei Y6p,https://www.otto.de/p/koenig-design-handyhuelle-huawei-y6p-schutzhuelle-fuer-huawei-y6p-motiv-handy-huelle-silikon-tasche-case-cover-dont-touch-my-phone-baer-schwarz-S0Z270HP/#variationId=S0Z270HPQ0J4
"
                           Demotex GmbH

                           ",Verkäufer: Casa Padrino,info@casa-padrino.de,+4920136577485,Wannenarmatur Luxus Badewannen Armatur mit Swarovski Kristallglas Gold H. 7 cm - Einlochbatterie mit Ablaufgarnitur - Luxus Bad Zubehör - Made in Italy,https://www.otto.de/p/casa-padrino-wannenarmatur-luxus-badewannen-armatur-mit-swarovski-kristallglas-gold-h-7-cm-einlochbatterie-mit-ablaufgarnitur-luxus-bad-zubehoer-made-in-italy-S0P5G0FW/#variationId=S0P5G0FWFLAC
"
                           MSV Deutschland GmbH

                           ",Verkäufer: MSV-Spirella E-Commerce,aude.rainier@msv-spirella.com,+496373891080,Badaccessoires-Sets HANNAH,https://www.otto.de/p/msv-badaccessoires-sets-hannah-zubehoer-set-aus-hochwertigem-kunststoff-6-tlg-bestehend-aus-kosmetikeimer-wc-buerste-seifenspender-zahnputzbecher-zahnbuerstenhalter-seifenschale-elegante-matt-optik-schwarz-komplett-set-badezimmerzubehoer-6-tlg-in-edler-matt-optik-schwarz-S0K0I01B/#variationId=S0K0I01B1H5P
